group,time_day,at_risk_n,figure,variable,strategy,abs_smd,outcome,analysis,population,exposure_definition,severity_adjustment,weight_strategy,contrast,estimate_type,estimate,CI_lower,CI_upper,interpretation_flag,label,metric,lower,upper
1_no_primary_psych_no_delirium,0.0,13886.0,S1,,,,,,,,,,,,,,,,,,,
1_no_primary_psych_no_delirium,30.0,13429.0,S1,,,,,,,,,,,,,,,,,,,
1_no_primary_psych_no_delirium,90.0,12984.0,S1,,,,,,,,,,,,,,,,,,,
1_no_primary_psych_no_delirium,180.0,12595.0,S1,,,,,,,,,,,,,,,,,,,
1_no_primary_psych_no_delirium,365.0,12034.0,S1,,,,,,,,,,,,,,,,,,,
2_primary_psych_no_delirium,0.0,5980.0,S1,,,,,,,,,,,,,,,,,,,
2_primary_psych_no_delirium,30.0,5717.0,S1,,,,,,,,,,,,,,,,,,,
2_primary_psych_no_delirium,90.0,5465.0,S1,,,,,,,,,,,,,,,,,,,
2_primary_psych_no_delirium,180.0,5272.0,S1,,,,,,,,,,,,,,,,,,,
2_primary_psych_no_delirium,365.0,5008.0,S1,,,,,,,,,,,,,,,,,,,
3_no_primary_psych_delirium,0.0,6022.0,S1,,,,,,,,,,,,,,,,,,,
3_no_primary_psych_delirium,30.0,5456.0,S1,,,,,,,,,,,,,,,,,,,
3_no_primary_psych_delirium,90.0,5113.0,S1,,,,,,,,,,,,,,,,,,,
3_no_primary_psych_delirium,180.0,4884.0,S1,,,,,,,,,,,,,,,,,,,
3_no_primary_psych_delirium,365.0,4572.0,S1,,,,,,,,,,,,,,,,,,,
4_primary_psych_delirium,0.0,3478.0,S1,,,,,,,,,,,,,,,,,,,
4_primary_psych_delirium,30.0,3152.0,S1,,,,,,,,,,,,,,,,,,,
4_primary_psych_delirium,90.0,2970.0,S1,,,,,,,,,,,,,,,,,,,
4_primary_psych_delirium,180.0,2825.0,S1,,,,,,,,,,,,,,,,,,,
4_primary_psych_delirium,365.0,2651.0,S1,,,,,,,,,,,,,,,,,,,
,,,S2,admission_location_group,trim_1_99_weighted_classifiable,0.0347864900800663,,,,,,,,,,,,,,,,
,,,S2,admission_location_group,trim_5_95_weighted_classifiable,0.0448037910515772,,,,,,,,,,,,,,,,
,,,S2,admission_location_group,unweighted_classifiable,0.0785377684930378,,,,,,,,,,,,,,,,
,,,S2,admission_type_group,trim_1_99_weighted_classifiable,0.0447074367660446,,,,,,,,,,,,,,,,
,,,S2,admission_type_group,trim_5_95_weighted_classifiable,0.0574447592906186,,,,,,,,,,,,,,,,
,,,S2,admission_type_group,unweighted_classifiable,0.1155243784029244,,,,,,,,,,,,,,,,
,,,S2,age_at_index_admission,trim_1_99_weighted_classifiable,0.0183588400057713,,,,,,,,,,,,,,,,
,,,S2,age_at_index_admission,trim_5_95_weighted_classifiable,0.0165794717090214,,,,,,,,,,,,,,,,
,,,S2,age_at_index_admission,unweighted_classifiable,0.0149035842906692,,,,,,,,,,,,,,,,
,,,S2,anchor_year_group,trim_1_99_weighted_classifiable,0.1142008932309055,,,,,,,,,,,,,,,,
,,,S2,anchor_year_group,trim_5_95_weighted_classifiable,0.2160872470685386,,,,,,,,,,,,,,,,
,,,S2,anchor_year_group,unweighted_classifiable,0.3999124236248959,,,,,,,,,,,,,,,,
,,,S2,charlson_comorbidity_only_strict_prior,trim_1_99_weighted_classifiable,0.044802798162149,,,,,,,,,,,,,,,,
,,,S2,charlson_comorbidity_only_strict_prior,trim_5_95_weighted_classifiable,0.0340508406029504,,,,,,,,,,,,,,,,
,,,S2,charlson_comorbidity_only_strict_prior,unweighted_classifiable,0.0219333608247166,,,,,,,,,,,,,,,,
,,,S2,chronic_neurologic_disease,trim_1_99_weighted_classifiable,0.0055629263797926,,,,,,,,,,,,,,,,
,,,S2,chronic_neurologic_disease,trim_5_95_weighted_classifiable,0.0144543684441498,,,,,,,,,,,,,,,,
,,,S2,chronic_neurologic_disease,unweighted_classifiable,0.0437947175754231,,,,,,,,,,,,,,,,
,,,S2,dementia_strict_prior,trim_1_99_weighted_classifiable,0.0100986758497178,,,,,,,,,,,,,,,,
,,,S2,dementia_strict_prior,trim_5_95_weighted_classifiable,0.0128148716423646,,,,,,,,,,,,,,,,
,,,S2,dementia_strict_prior,unweighted_classifiable,0.0177124075930267,,,,,,,,,,,,,,,,
,,,S2,first_careunit_group,trim_1_99_weighted_classifiable,0.0306823098904628,,,,,,,,,,,,,,,,
,,,S2,first_careunit_group,trim_5_95_weighted_classifiable,0.0471697757436261,,,,,,,,,,,,,,,,
,,,S2,first_careunit_group,unweighted_classifiable,0.1162847289173319,,,,,,,,,,,,,,,,
,,,S2,insurance_group,trim_1_99_weighted_classifiable,0.0152539199617685,,,,,,,,,,,,,,,,
,,,S2,insurance_group,trim_5_95_weighted_classifiable,0.0174262138983762,,,,,,,,,,,,,,,,
,,,S2,insurance_group,unweighted_classifiable,0.031090713500283,,,,,,,,,,,,,,,,
,,,S2,invasive_ventilation_0_24h,trim_1_99_weighted_classifiable,0.0181416155350754,,,,,,,,,,,,,,,,
,,,S2,invasive_ventilation_0_24h,trim_5_95_weighted_classifiable,0.0302987707715406,,,,,,,,,,,,,,,,
,,,S2,invasive_ventilation_0_24h,unweighted_classifiable,0.0834641048508619,,,,,,,,,,,,,,,,
,,,S2,language_group,trim_1_99_weighted_classifiable,0.0286679336267987,,,,,,,,,,,,,,,,
,,,S2,language_group,trim_5_95_weighted_classifiable,0.0331250795638674,,,,,,,,,,,,,,,,
,,,S2,language_group,unweighted_classifiable,0.0449768369268643,,,,,,,,,,,,,,,,
,,,S2,log1p_prior_mimic_hospitalizations,trim_1_99_weighted_classifiable,0.073257347061687,,,,,,,,,,,,,,,,
,,,S2,log1p_prior_mimic_hospitalizations,trim_5_95_weighted_classifiable,0.0610879442523579,,,,,,,,,,,,,,,,
,,,S2,log1p_prior_mimic_hospitalizations,unweighted_classifiable,0.0349986198954869,,,,,,,,,,,,,,,,
,,,S2,marital_status_group,trim_1_99_weighted_classifiable,0.0035104778796913,,,,,,,,,,,,,,,,
,,,S2,marital_status_group,trim_5_95_weighted_classifiable,0.0138656004875674,,,,,,,,,,,,,,,,
,,,S2,marital_status_group,unweighted_classifiable,0.0370663205935242,,,,,,,,,,,,,,,,
,,,S2,nonneurologic_sofa_observed_components_n,trim_1_99_weighted_classifiable,0.0041146250045872,,,,,,,,,,,,,,,,
,,,S2,nonneurologic_sofa_observed_components_n,trim_5_95_weighted_classifiable,0.0046393262512799,,,,,,,,,,,,,,,,
,,,S2,nonneurologic_sofa_observed_components_n,unweighted_classifiable,0.034940487843296,,,,,,,,,,,,,,,,
,,,S2,nonneurologic_sofa_zero_imputed,trim_1_99_weighted_classifiable,0.0092722681536524,,,,,,,,,,,,,,,,
,,,S2,nonneurologic_sofa_zero_imputed,trim_5_95_weighted_classifiable,0.0087189230516908,,,,,,,,,,,,,,,,
,,,S2,nonneurologic_sofa_zero_imputed,unweighted_classifiable,0.0042239049884818,,,,,,,,,,,,,,,,
,,,S2,psych_primary_strict_prior,trim_1_99_weighted_classifiable,0.0389831499279482,,,,,,,,,,,,,,,,
,,,S2,psych_primary_strict_prior,trim_5_95_weighted_classifiable,0.0348206604660302,,,,,,,,,,,,,,,,
,,,S2,psych_primary_strict_prior,unweighted_classifiable,0.026655471614662,,,,,,,,,,,,,,,,
,,,S2,race_group,trim_1_99_weighted_classifiable,0.022225795829859,,,,,,,,,,,,,,,,
,,,S2,race_group,trim_5_95_weighted_classifiable,0.0276785798206355,,,,,,,,,,,,,,,,
,,,S2,race_group,unweighted_classifiable,0.0447380984217469,,,,,,,,,,,,,,,,
,,,S2,rrt_any_0_24h,trim_1_99_weighted_classifiable,0.002486727425612,,,,,,,,,,,,,,,,
,,,S2,rrt_any_0_24h,trim_5_95_weighted_classifiable,0.0014214085348711,,,,,,,,,,,,,,,,
,,,S2,rrt_any_0_24h,unweighted_classifiable,0.0087128681466105,,,,,,,,,,,,,,,,
,,,S2,sepsis3_index,trim_1_99_weighted_classifiable,0.0238656069655237,,,,,,,,,,,,,,,,
,,,S2,sepsis3_index,trim_5_95_weighted_classifiable,0.025893871981429,,,,,,,,,,,,,,,,
,,,S2,sepsis3_index,unweighted_classifiable,0.0274362055153219,,,,,,,,,,,,,,,,
,,,S2,sex_recorded,trim_1_99_weighted_classifiable,0.0052721743317028,,,,,,,,,,,,,,,,
,,,S2,sex_recorded,trim_5_95_weighted_classifiable,0.0074799800555512,,,,,,,,,,,,,,,,
,,,S2,sex_recorded,unweighted_classifiable,0.0224835865940017,,,,,,,,,,,,,,,,
,,,S2,substance_use_strict_prior,trim_1_99_weighted_classifiable,0.0251490851232178,,,,,,,,,,,,,,,,
,,,S2,substance_use_strict_prior,trim_5_95_weighted_classifiable,0.0231325499714349,,,,,,,,,,,,,,,,
,,,S2,substance_use_strict_prior,unweighted_classifiable,0.0226727576570408,,,,,,,,,,,,,,,,
,,,S2,vasopressor_any_0_24h,trim_1_99_weighted_classifiable,0.0046911978739371,,,,,,,,,,,,,,,,
,,,S2,vasopressor_any_0_24h,trim_5_95_weighted_classifiable,0.0060299409372611,,,,,,,,,,,,,,,,
,,,S2,vasopressor_any_0_24h,unweighted_classifiable,0.0346818428510442,,,,,,,,,,,,,,,,
,,,S3,,,,365-day mortality,IPSW Model 2 Cox,primary classifiable,primary documented-by-index psychiatric comorbidity + 72h delirium,Model 2 main severity,untrimmed,2_primary_psych_no_delirium vs 1_no_primary_psych_no_delirium,HR,1.1307885137996874,1.0390575015652497,1.2306178060550854,prespecified sensitivity; not a replacement for primary result,IPSW Cox | 2_primary_psych_no_delirium,,,
,,,S3,,,,365-day mortality,IPSW Model 2 Cox,primary classifiable,primary documented-by-index psychiatric comorbidity + 72h delirium,Model 2 main severity,untrimmed,3_no_primary_psych_delirium vs 1_no_primary_psych_no_delirium,HR,1.440326381860811,1.331550753958669,1.557987992659458,prespecified sensitivity; not a replacement for primary result,IPSW Cox | 3_no_primary_psych_delirium,,,
,,,S3,,,,365-day mortality,IPSW Model 2 Cox,primary classifiable,primary documented-by-index psychiatric comorbidity + 72h delirium,Model 2 main severity,untrimmed,4_primary_psych_delirium vs 1_no_primary_psych_no_delirium,HR,1.428788270348771,1.2990566408485626,1.5714756826559444,prespecified sensitivity; not a replacement for primary result,IPSW Cox | 4_primary_psych_delirium,,,
,,,S3,,,,365-day mortality,IPSW Model 2 Cox,primary classifiable,primary documented-by-index psychiatric comorbidity + 72h delirium,Model 2 main severity,trim_1_99,2_primary_psych_no_delirium vs 1_no_primary_psych_no_delirium,HR,1.121023181089354,1.0297106318284197,1.2204331330523712,prespecified sensitivity; not a replacement for primary result,IPSW Cox | 2_primary_psych_no_delirium,,,
,,,S3,,,,365-day mortality,IPSW Model 2 Cox,primary classifiable,primary documented-by-index psychiatric comorbidity + 72h delirium,Model 2 main severity,trim_1_99,3_no_primary_psych_delirium vs 1_no_primary_psych_no_delirium,HR,1.432371861574888,1.3238450797645225,1.5497955019000051,prespecified sensitivity; not a replacement for primary result,IPSW Cox | 3_no_primary_psych_delirium,,,
,,,S3,,,,365-day mortality,IPSW Model 2 Cox,primary classifiable,primary documented-by-index psychiatric comorbidity + 72h delirium,Model 2 main severity,trim_1_99,4_primary_psych_delirium vs 1_no_primary_psych_no_delirium,HR,1.4199011678597195,1.2905356778313697,1.5622344745069772,prespecified sensitivity; not a replacement for primary result,IPSW Cox | 4_primary_psych_delirium,,,
,,,S3,,,,365-day mortality,IPSW Model 2 Cox,primary classifiable,primary documented-by-index psychiatric comorbidity + 72h delirium,Model 2 main severity,trim_5_95,2_primary_psych_no_delirium vs 1_no_primary_psych_no_delirium,HR,1.1111031334932646,1.018753306550126,1.2118244577180248,prespecified sensitivity; not a replacement for primary result,IPSW Cox | 2_primary_psych_no_delirium,,,
,,,S3,,,,365-day mortality,IPSW Model 2 Cox,primary classifiable,primary documented-by-index psychiatric comorbidity + 72h delirium,Model 2 main severity,trim_5_95,3_no_primary_psych_delirium vs 1_no_primary_psych_no_delirium,HR,1.4329149412937037,1.3224641276745854,1.55259049074787,prespecified sensitivity; not a replacement for primary result,IPSW Cox | 3_no_primary_psych_delirium,,,
,,,S3,,,,365-day mortality,IPSW Model 2 Cox,primary classifiable,primary documented-by-index psychiatric comorbidity + 72h delirium,Model 2 main severity,trim_5_95,4_primary_psych_delirium vs 1_no_primary_psych_no_delirium,HR,1.4199687814125517,1.2878412009449276,1.5656521461705202,prespecified sensitivity; not a replacement for primary result,IPSW Cox | 4_primary_psych_delirium,,,
,,,S3,,,,365-day mortality,strict-prior psychiatric exposure Model 2 Cox,primary 72h classifiable cohort,strict-prior psychiatric comorbidity + 72h delirium,Model 2 main severity,none,2_primary_psych_no_delirium vs 1_no_primary_psych_no_delirium,HR,1.063425582818144,0.94848744220724,1.1922919797023723,prespecified sensitivity; not a replacement for primary result,strict-prior psychiatric exposure Cox | 2_primary_psych_no_delirium,,,
,,,S3,,,,365-day mortality,strict-prior psychiatric exposure Model 2 Cox,primary 72h classifiable cohort,strict-prior psychiatric comorbidity + 72h delirium,Model 2 main severity,none,3_no_primary_psych_delirium vs 1_no_primary_psych_no_delirium,HR,1.410232927100907,1.319844609650016,1.5068114035082902,prespecified sensitivity; not a replacement for primary result,strict-prior psychiatric exposure Cox | 3_no_primary_psych_delirium,,,
,,,S3,,,,365-day mortality,strict-prior psychiatric exposure Model 2 Cox,primary 72h classifiable cohort,strict-prior psychiatric comorbidity + 72h delirium,Model 2 main severity,none,4_primary_psych_delirium vs 1_no_primary_psych_no_delirium,HR,1.3888133960840772,1.219839186355536,1.5811942022498828,prespecified sensitivity; not a replacement for primary result,strict-prior psychiatric exposure Cox | 4_primary_psych_delirium,,,
,,,S3,,,,365-day mortality,48h delirium definition Model 2 Cox,48h delirium classifiable cohort,documented-by-index psychiatric comorbidity + 48h delirium,Model 2 main severity,none,2_primary_psych_no_delirium vs 1_no_primary_psych_no_delirium,HR,1.1364050717704663,1.0477011043252036,1.23261919054424,prespecified sensitivity; not a replacement for primary result,48h delirium definition Cox | 2_primary_psych_no_delirium,,,
,,,S3,,,,365-day mortality,48h delirium definition Model 2 Cox,48h delirium classifiable cohort,documented-by-index psychiatric comorbidity + 48h delirium,Model 2 main severity,none,3_no_primary_psych_delirium vs 1_no_primary_psych_no_delirium,HR,1.4445292307662263,1.3377381934127803,1.5598453485241806,prespecified sensitivity; not a replacement for primary result,48h delirium definition Cox | 3_no_primary_psych_delirium,,,
,,,S3,,,,365-day mortality,48h delirium definition Model 2 Cox,48h delirium classifiable cohort,documented-by-index psychiatric comorbidity + 48h delirium,Model 2 main severity,none,4_primary_psych_delirium vs 1_no_primary_psych_no_delirium,HR,1.4549459038548205,1.3258546449736666,1.5966060768192003,prespecified sensitivity; not a replacement for primary result,48h delirium definition Cox | 4_primary_psych_delirium,,,
,,,S3,,,,365-day mortality,exclude hospice sensitivity Model 2 Cox,primary classifiable excluding hospice,primary documented-by-index psychiatric comorbidity + 72h delirium,Model 2 main severity,none,2_primary_psych_no_delirium vs 1_no_primary_psych_no_delirium,HR,1.1177887744346853,1.0254502429021626,1.218442096923278,prespecified sensitivity; not a replacement for primary result,exclude hospice sensitivity Cox | 2_primary_psych_no_delirium,,,
,,,S3,,,,365-day mortality,exclude hospice sensitivity Model 2 Cox,primary classifiable excluding hospice,primary documented-by-index psychiatric comorbidity + 72h delirium,Model 2 main severity,none,3_no_primary_psych_delirium vs 1_no_primary_psych_no_delirium,HR,1.3723289123909752,1.2655031995648591,1.488172170905424,prespecified sensitivity; not a replacement for primary result,exclude hospice sensitivity Cox | 3_no_primary_psych_delirium,,,
,,,S3,,,,365-day mortality,exclude hospice sensitivity Model 2 Cox,primary classifiable excluding hospice,primary documented-by-index psychiatric comorbidity + 72h delirium,Model 2 main severity,none,4_primary_psych_delirium vs 1_no_primary_psych_no_delirium,HR,1.365380035402121,1.2363052067501217,1.5079307527752706,prespecified sensitivity; not a replacement for primary result,exclude hospice sensitivity Cox | 4_primary_psych_delirium,,,
,,,S3,,,,365-day mortality,severity alternative model,prespecified analysis population,primary documented-by-index psychiatric comorbidity + 72h delirium,A_main_nonneurologic_sofa,none,2_primary_psych_no_delirium vs 1_no_primary_psych_no_delirium,HR,1.1289810828240074,1.041691883911415,1.2235847327412404,converged,severity alternative model | 2_primary_psych_no_delirium,,,
,,,S3,,,,365-day mortality,severity alternative model,prespecified analysis population,primary documented-by-index psychiatric comorbidity + 72h delirium,A_main_nonneurologic_sofa,none,3_no_primary_psych_delirium vs 1_no_primary_psych_no_delirium,HR,1.4554380971573988,1.3512398145408724,1.567671431719107,converged,severity alternative model | 3_no_primary_psych_delirium,,,
,,,S3,,,,365-day mortality,severity alternative model,prespecified analysis population,primary documented-by-index psychiatric comorbidity + 72h delirium,A_main_nonneurologic_sofa,none,4_primary_psych_delirium vs 1_no_primary_psych_no_delirium,HR,1.448958185165427,1.324287656764118,1.5853653937150958,converged,severity alternative model | 4_primary_psych_delirium,,,
,,,S3,,,,365-day mortality,severity alternative model,prespecified analysis population,primary documented-by-index psychiatric comorbidity + 72h delirium,B_official_first_day_sofa,none,2_primary_psych_no_delirium vs 1_no_primary_psych_no_delirium,HR,1.1294028119746022,1.0421078321359245,1.2240102917965263,converged,severity alternative model | 2_primary_psych_no_delirium,,,
,,,S3,,,,365-day mortality,severity alternative model,prespecified analysis population,primary documented-by-index psychiatric comorbidity + 72h delirium,B_official_first_day_sofa,none,3_no_primary_psych_delirium vs 1_no_primary_psych_no_delirium,HR,1.3828912295647149,1.283985217529968,1.4894160202918176,converged,severity alternative model | 3_no_primary_psych_delirium,,,
,,,S3,,,,365-day mortality,severity alternative model,prespecified analysis population,primary documented-by-index psychiatric comorbidity + 72h delirium,B_official_first_day_sofa,none,4_primary_psych_delirium vs 1_no_primary_psych_no_delirium,HR,1.3738915575516124,1.25591962117216,1.502944917884079,converged,severity alternative model | 4_primary_psych_delirium,,,
,,,S3,,,,365-day mortality,severity alternative model,prespecified analysis population,primary documented-by-index psychiatric comorbidity + 72h delirium,C_official_oasis,none,2_primary_psych_no_delirium vs 1_no_primary_psych_no_delirium,HR,1.1299966781637585,1.0426411083994769,1.2246711570976163,converged,severity alternative model | 2_primary_psych_no_delirium,,,
,,,S3,,,,365-day mortality,severity alternative model,prespecified analysis population,primary documented-by-index psychiatric comorbidity + 72h delirium,C_official_oasis,none,3_no_primary_psych_delirium vs 1_no_primary_psych_no_delirium,HR,1.3582491080726466,1.2606070156444464,1.4634542063348916,converged,severity alternative model | 3_no_primary_psych_delirium,,,
,,,S3,,,,365-day mortality,severity alternative model,prespecified analysis population,primary documented-by-index psychiatric comorbidity + 72h delirium,C_official_oasis,none,4_primary_psych_delirium vs 1_no_primary_psych_no_delirium,HR,1.3484531573690957,1.2321622989209151,1.47571948858613,converged,severity alternative model | 4_primary_psych_delirium,,,
,,,S3,,,,365-day mortality,severity alternative model,prespecified analysis population,primary documented-by-index psychiatric comorbidity + 72h delirium,D_organ_support,none,2_primary_psych_no_delirium vs 1_no_primary_psych_no_delirium,HR,1.1184649169677243,1.0319946505766235,1.212180479606796,converged,severity alternative model | 2_primary_psych_no_delirium,,,
,,,S3,,,,365-day mortality,severity alternative model,prespecified analysis population,primary documented-by-index psychiatric comorbidity + 72h delirium,D_organ_support,none,3_no_primary_psych_delirium vs 1_no_primary_psych_no_delirium,HR,1.4860300112620384,1.37791783018916,1.602624732759501,converged,severity alternative model | 3_no_primary_psych_delirium,,,
,,,S3,,,,365-day mortality,severity alternative model,prespecified analysis population,primary documented-by-index psychiatric comorbidity + 72h delirium,D_organ_support,none,4_primary_psych_delirium vs 1_no_primary_psych_no_delirium,HR,1.4802004102354156,1.3516019184471069,1.6210344366619325,converged,severity alternative model | 4_primary_psych_delirium,,,
,,,S4,,,,90-day same-system readmission,IPSW Model 2 cause-specific Cox,conservative readmission cohort,primary documented-by-index psychiatric comorbidity + 72h delirium,Model 2 main severity,untrimmed,2_primary_psych_no_delirium vs 1_no_primary_psych_no_delirium,HR,1.0977485114278402,1.027057278483662,1.1733053448792714,prespecified sensitivity; not a replacement for primary result,IPSW cause-specific Cox | 2_primary_psych_no_delirium,,,
,,,S4,,,,90-day same-system readmission,IPSW Model 2 cause-specific Cox,conservative readmission cohort,primary documented-by-index psychiatric comorbidity + 72h delirium,Model 2 main severity,untrimmed,3_no_primary_psych_delirium vs 1_no_primary_psych_no_delirium,HR,1.1011154530532723,1.0248687033059427,1.1830347019493015,prespecified sensitivity; not a replacement for primary result,IPSW cause-specific Cox | 3_no_primary_psych_delirium,,,
,,,S4,,,,90-day same-system readmission,IPSW Model 2 cause-specific Cox,conservative readmission cohort,primary documented-by-index psychiatric comorbidity + 72h delirium,Model 2 main severity,untrimmed,4_primary_psych_delirium vs 1_no_primary_psych_no_delirium,HR,1.1152091375738482,1.0218397179968055,1.2171100796182734,prespecified sensitivity; not a replacement for primary result,IPSW cause-specific Cox | 4_primary_psych_delirium,,,
,,,S4,,,,90-day same-system readmission,IPSW Model 2 cause-specific Cox,conservative readmission cohort,primary documented-by-index psychiatric comorbidity + 72h delirium,Model 2 main severity,trim_1_99,2_primary_psych_no_delirium vs 1_no_primary_psych_no_delirium,HR,1.1112980972718447,1.0391106046648446,1.1885004882597217,prespecified sensitivity; not a replacement for primary result,IPSW cause-specific Cox | 2_primary_psych_no_delirium,,,
,,,S4,,,,90-day same-system readmission,IPSW Model 2 cause-specific Cox,conservative readmission cohort,primary documented-by-index psychiatric comorbidity + 72h delirium,Model 2 main severity,trim_1_99,3_no_primary_psych_delirium vs 1_no_primary_psych_no_delirium,HR,1.0997959775347357,1.0227380325584647,1.1826598343818224,prespecified sensitivity; not a replacement for primary result,IPSW cause-specific Cox | 3_no_primary_psych_delirium,,,
,,,S4,,,,90-day same-system readmission,IPSW Model 2 cause-specific Cox,conservative readmission cohort,primary documented-by-index psychiatric comorbidity + 72h delirium,Model 2 main severity,trim_1_99,4_primary_psych_delirium vs 1_no_primary_psych_no_delirium,HR,1.125122521644919,1.0300975655129068,1.22891338752199,prespecified sensitivity; not a replacement for primary result,IPSW cause-specific Cox | 4_primary_psych_delirium,,,
,,,S4,,,,90-day same-system readmission,IPSW Model 2 cause-specific Cox,conservative readmission cohort,primary documented-by-index psychiatric comorbidity + 72h delirium,Model 2 main severity,trim_5_95,2_primary_psych_no_delirium vs 1_no_primary_psych_no_delirium,HR,1.1263126932737826,1.0507566900707304,1.207301647486298,prespecified sensitivity; not a replacement for primary result,IPSW cause-specific Cox | 2_primary_psych_no_delirium,,,
,,,S4,,,,90-day same-system readmission,IPSW Model 2 cause-specific Cox,conservative readmission cohort,primary documented-by-index psychiatric comorbidity + 72h delirium,Model 2 main severity,trim_5_95,3_no_primary_psych_delirium vs 1_no_primary_psych_no_delirium,HR,1.1157058217796525,1.0352103664901058,1.2024604090601585,prespecified sensitivity; not a replacement for primary result,IPSW cause-specific Cox | 3_no_primary_psych_delirium,,,
,,,S4,,,,90-day same-system readmission,IPSW Model 2 cause-specific Cox,conservative readmission cohort,primary documented-by-index psychiatric comorbidity + 72h delirium,Model 2 main severity,trim_5_95,4_primary_psych_delirium vs 1_no_primary_psych_no_delirium,HR,1.142721278716409,1.0433137614136934,1.2516003997319902,prespecified sensitivity; not a replacement for primary result,IPSW cause-specific Cox | 4_primary_psych_delirium,,,
,,,S4,,,,90-day same-system readmission,strict-prior psychiatric exposure Model 2 cause-specific Cox,conservative readmission cohort,strict-prior psychiatric comorbidity + 72h delirium,Model 2 main severity,none,2_primary_psych_no_delirium vs 1_no_primary_psych_no_delirium,HR,1.1591851343738906,1.0567825077599426,1.2715106144230863,prespecified sensitivity; not a replacement for primary result,strict-prior psychiatric exposure cause-specific Cox | 2_primary_psych_no_delirium,,,
,,,S4,,,,90-day same-system readmission,strict-prior psychiatric exposure Model 2 cause-specific Cox,conservative readmission cohort,strict-prior psychiatric comorbidity + 72h delirium,Model 2 main severity,none,3_no_primary_psych_delirium vs 1_no_primary_psych_no_delirium,HR,1.1045517346156026,1.036779094056291,1.1767545675222648,prespecified sensitivity; not a replacement for primary result,strict-prior psychiatric exposure cause-specific Cox | 3_no_primary_psych_delirium,,,
,,,S4,,,,90-day same-system readmission,strict-prior psychiatric exposure Model 2 cause-specific Cox,conservative readmission cohort,strict-prior psychiatric comorbidity + 72h delirium,Model 2 main severity,none,4_primary_psych_delirium vs 1_no_primary_psych_no_delirium,HR,1.17997910536382,1.0470154160364018,1.32982826018561,prespecified sensitivity; not a replacement for primary result,strict-prior psychiatric exposure cause-specific Cox | 4_primary_psych_delirium,,,
,,,S4,,,,90-day same-system readmission,48h delirium definition Model 2 cause-specific Cox,48h classifiable conservative readmission cohort,documented-by-index psychiatric comorbidity + 48h delirium,Model 2 main severity,none,2_primary_psych_no_delirium vs 1_no_primary_psych_no_delirium,HR,1.1217225500796122,1.0491100644971187,1.1993607934361437,prespecified sensitivity; not a replacement for primary result,48h delirium definition cause-specific Cox | 2_primary_psych_no_delirium,,,
,,,S4,,,,90-day same-system readmission,48h delirium definition Model 2 cause-specific Cox,48h classifiable conservative readmission cohort,documented-by-index psychiatric comorbidity + 48h delirium,Model 2 main severity,none,3_no_primary_psych_delirium vs 1_no_primary_psych_no_delirium,HR,1.1126734097271531,1.0333394499756858,1.1980981822991272,prespecified sensitivity; not a replacement for primary result,48h delirium definition cause-specific Cox | 3_no_primary_psych_delirium,,,
,,,S4,,,,90-day same-system readmission,48h delirium definition Model 2 cause-specific Cox,48h classifiable conservative readmission cohort,documented-by-index psychiatric comorbidity + 48h delirium,Model 2 main severity,none,4_primary_psych_delirium vs 1_no_primary_psych_no_delirium,HR,1.1289542260001555,1.032529250849244,1.2343840558079269,prespecified sensitivity; not a replacement for primary result,48h delirium definition cause-specific Cox | 4_primary_psych_delirium,,,
,,,S4,,,,90-day same-system readmission,full classifiable sensitivity; administrative follow-up completeness not guaranteed,full 72h classifiable cohort,primary documented-by-index psychiatric comorbidity + 72h delirium,Model 2 main severity,none,2_primary_psych_no_delirium vs 1_no_primary_psych_no_delirium,HR,1.1060424281176349,1.0404156965501123,1.1758087241981847,prespecified sensitivity; not a replacement for primary result,full classifiable sensitivity; administrative follow-up completeness not guaranteed | 2_primary_psych_no_delirium,,,
,,,S4,,,,90-day same-system readmission,full classifiable sensitivity; administrative follow-up completeness not guaranteed,full 72h classifiable cohort,primary documented-by-index psychiatric comorbidity + 72h delirium,Model 2 main severity,none,3_no_primary_psych_delirium vs 1_no_primary_psych_no_delirium,HR,1.1304351974604,1.0589190362317666,1.206781342041755,prespecified sensitivity; not a replacement for primary result,full classifiable sensitivity; administrative follow-up completeness not guaranteed | 3_no_primary_psych_delirium,,,
,,,S4,,,,90-day same-system readmission,full classifiable sensitivity; administrative follow-up completeness not guaranteed,full 72h classifiable cohort,primary documented-by-index psychiatric comorbidity + 72h delirium,Model 2 main severity,none,4_primary_psych_delirium vs 1_no_primary_psych_no_delirium,HR,1.1784025063315908,1.09048035235704,1.2734135593796705,prespecified sensitivity; not a replacement for primary result,full classifiable sensitivity; administrative follow-up completeness not guaranteed | 4_primary_psych_delirium,,,
,,,S4,,,,90-day same-system readmission,severity alternative model,prespecified analysis population,primary documented-by-index psychiatric comorbidity + 72h delirium,A_main_nonneurologic_sofa,none,2_primary_psych_no_delirium vs 1_no_primary_psych_no_delirium,HR,1.1178758374277438,1.0462443728850446,1.1944115737118364,converged,severity alternative model | 2_primary_psych_no_delirium,,,
,,,S4,,,,90-day same-system readmission,severity alternative model,prespecified analysis population,primary documented-by-index psychiatric comorbidity + 72h delirium,A_main_nonneurologic_sofa,none,3_no_primary_psych_delirium vs 1_no_primary_psych_no_delirium,HR,1.1209827437576152,1.0439672177215025,1.2036798574431604,converged,severity alternative model | 3_no_primary_psych_delirium,,,
,,,S4,,,,90-day same-system readmission,severity alternative model,prespecified analysis population,primary documented-by-index psychiatric comorbidity + 72h delirium,A_main_nonneurologic_sofa,none,4_primary_psych_delirium vs 1_no_primary_psych_no_delirium,HR,1.1544855252108617,1.0597063856214402,1.2577416216471962,converged,severity alternative model | 4_primary_psych_delirium,,,
,,,S4,,,,90-day same-system readmission,severity alternative model,prespecified analysis population,primary documented-by-index psychiatric comorbidity + 72h delirium,B_official_first_day_sofa,none,2_primary_psych_no_delirium vs 1_no_primary_psych_no_delirium,HR,1.1181223137077192,1.0464831962826495,1.1946656313757296,converged,severity alternative model | 2_primary_psych_no_delirium,,,
,,,S4,,,,90-day same-system readmission,severity alternative model,prespecified analysis population,primary documented-by-index psychiatric comorbidity + 72h delirium,B_official_first_day_sofa,none,3_no_primary_psych_delirium vs 1_no_primary_psych_no_delirium,HR,1.1153606028883514,1.039049458622725,1.197276283772329,converged,severity alternative model | 3_no_primary_psych_delirium,,,
,,,S4,,,,90-day same-system readmission,severity alternative model,prespecified analysis population,primary documented-by-index psychiatric comorbidity + 72h delirium,B_official_first_day_sofa,none,4_primary_psych_delirium vs 1_no_primary_psych_no_delirium,HR,1.148150199639347,1.0544247699447211,1.2502066705062158,converged,severity alternative model | 4_primary_psych_delirium,,,
,,,S4,,,,90-day same-system readmission,severity alternative model,prespecified analysis population,primary documented-by-index psychiatric comorbidity + 72h delirium,C_official_oasis,none,2_primary_psych_no_delirium vs 1_no_primary_psych_no_delirium,HR,1.1140188313438817,1.0426351169086827,1.190289811327621,converged,severity alternative model | 2_primary_psych_no_delirium,,,
,,,S4,,,,90-day same-system readmission,severity alternative model,prespecified analysis population,primary documented-by-index psychiatric comorbidity + 72h delirium,C_official_oasis,none,3_no_primary_psych_delirium vs 1_no_primary_psych_no_delirium,HR,1.1439145011005607,1.0655923598947148,1.227993400738566,converged,severity alternative model | 3_no_primary_psych_delirium,,,
,,,S4,,,,90-day same-system readmission,severity alternative model,prespecified analysis population,primary documented-by-index psychiatric comorbidity + 72h delirium,C_official_oasis,none,4_primary_psych_delirium vs 1_no_primary_psych_no_delirium,HR,1.171588986106472,1.0756113926198674,1.276130730656076,converged,severity alternative model | 4_primary_psych_delirium,,,
,,,S4,,,,90-day same-system readmission,severity alternative model,prespecified analysis population,primary documented-by-index psychiatric comorbidity + 72h delirium,D_organ_support,none,2_primary_psych_no_delirium vs 1_no_primary_psych_no_delirium,HR,1.1121362802266257,1.0408674441998549,1.1882849374226672,converged,severity alternative model | 2_primary_psych_no_delirium,,,
,,,S4,,,,90-day same-system readmission,severity alternative model,prespecified analysis population,primary documented-by-index psychiatric comorbidity + 72h delirium,D_organ_support,none,3_no_primary_psych_delirium vs 1_no_primary_psych_no_delirium,HR,1.139053616219869,1.0597387026286915,1.2243047624902637,converged,severity alternative model | 3_no_primary_psych_delirium,,,
,,,S4,,,,90-day same-system readmission,severity alternative model,prespecified analysis population,primary documented-by-index psychiatric comorbidity + 72h delirium,D_organ_support,none,4_primary_psych_delirium vs 1_no_primary_psych_no_delirium,HR,1.175467300883931,1.078269544452309,1.2814266920143604,converged,severity alternative model | 4_primary_psych_delirium,,,
,,,S5,,,,365-day same-system ICU readmission,IPSW Model 2 cause-specific Cox,conservative readmission cohort,primary documented-by-index psychiatric comorbidity + 72h delirium,Model 2 main severity,untrimmed,2_primary_psych_no_delirium vs 1_no_primary_psych_no_delirium,HR,0.9473032490521676,0.8600843237232942,1.0433668198718369,prespecified sensitivity; not a replacement for primary result,IPSW cause-specific Cox | 2_primary_psych_no_delirium,,,
,,,S5,,,,365-day same-system ICU readmission,IPSW Model 2 cause-specific Cox,conservative readmission cohort,primary documented-by-index psychiatric comorbidity + 72h delirium,Model 2 main severity,untrimmed,3_no_primary_psych_delirium vs 1_no_primary_psych_no_delirium,HR,1.2064565569737298,1.0943578953221649,1.3300378514986773,prespecified sensitivity; not a replacement for primary result,IPSW cause-specific Cox | 3_no_primary_psych_delirium,,,
,,,S5,,,,365-day same-system ICU readmission,IPSW Model 2 cause-specific Cox,conservative readmission cohort,primary documented-by-index psychiatric comorbidity + 72h delirium,Model 2 main severity,untrimmed,4_primary_psych_delirium vs 1_no_primary_psych_no_delirium,HR,0.9640453718045184,0.8498239469206991,1.0936188398377025,prespecified sensitivity; not a replacement for primary result,IPSW cause-specific Cox | 4_primary_psych_delirium,,,
,,,S5,,,,365-day same-system ICU readmission,IPSW Model 2 cause-specific Cox,conservative readmission cohort,primary documented-by-index psychiatric comorbidity + 72h delirium,Model 2 main severity,trim_1_99,2_primary_psych_no_delirium vs 1_no_primary_psych_no_delirium,HR,0.9618437757023212,0.8726149770747279,1.06019661954309,prespecified sensitivity; not a replacement for primary result,IPSW cause-specific Cox | 2_primary_psych_no_delirium,,,
,,,S5,,,,365-day same-system ICU readmission,IPSW Model 2 cause-specific Cox,conservative readmission cohort,primary documented-by-index psychiatric comorbidity + 72h delirium,Model 2 main severity,trim_1_99,3_no_primary_psych_delirium vs 1_no_primary_psych_no_delirium,HR,1.2188253321137676,1.104515437182313,1.344965529854366,prespecified sensitivity; not a replacement for primary result,IPSW cause-specific Cox | 3_no_primary_psych_delirium,,,
,,,S5,,,,365-day same-system ICU readmission,IPSW Model 2 cause-specific Cox,conservative readmission cohort,primary documented-by-index psychiatric comorbidity + 72h delirium,Model 2 main severity,trim_1_99,4_primary_psych_delirium vs 1_no_primary_psych_no_delirium,HR,0.9694500522976944,0.8535649333593474,1.1010684333072716,prespecified sensitivity; not a replacement for primary result,IPSW cause-specific Cox | 4_primary_psych_delirium,,,
,,,S5,,,,365-day same-system ICU readmission,IPSW Model 2 cause-specific Cox,conservative readmission cohort,primary documented-by-index psychiatric comorbidity + 72h delirium,Model 2 main severity,trim_5_95,2_primary_psych_no_delirium vs 1_no_primary_psych_no_delirium,HR,0.979714076951504,0.8863866672282626,1.0828679041149871,prespecified sensitivity; not a replacement for primary result,IPSW cause-specific Cox | 2_primary_psych_no_delirium,,,
,,,S5,,,,365-day same-system ICU readmission,IPSW Model 2 cause-specific Cox,conservative readmission cohort,primary documented-by-index psychiatric comorbidity + 72h delirium,Model 2 main severity,trim_5_95,3_no_primary_psych_delirium vs 1_no_primary_psych_no_delirium,HR,1.222821552120452,1.1045962286642297,1.3537005735919487,prespecified sensitivity; not a replacement for primary result,IPSW cause-specific Cox | 3_no_primary_psych_delirium,,,
,,,S5,,,,365-day same-system ICU readmission,IPSW Model 2 cause-specific Cox,conservative readmission cohort,primary documented-by-index psychiatric comorbidity + 72h delirium,Model 2 main severity,trim_5_95,4_primary_psych_delirium vs 1_no_primary_psych_no_delirium,HR,0.9994107578496984,0.8770127568729853,1.1388909170113295,prespecified sensitivity; not a replacement for primary result,IPSW cause-specific Cox | 4_primary_psych_delirium,,,
,,,S5,,,,365-day same-system ICU readmission,strict-prior psychiatric exposure Model 2 cause-specific Cox,conservative readmission cohort,strict-prior psychiatric comorbidity + 72h delirium,Model 2 main severity,none,2_primary_psych_no_delirium vs 1_no_primary_psych_no_delirium,HR,0.9989989108458128,0.8758359188049217,1.1394814969827798,prespecified sensitivity; not a replacement for primary result,strict-prior psychiatric exposure cause-specific Cox | 2_primary_psych_no_delirium,,,
,,,S5,,,,365-day same-system ICU readmission,strict-prior psychiatric exposure Model 2 cause-specific Cox,conservative readmission cohort,strict-prior psychiatric comorbidity + 72h delirium,Model 2 main severity,none,3_no_primary_psych_delirium vs 1_no_primary_psych_no_delirium,HR,1.1851361797292042,1.0862935418453614,1.2929725809813164,prespecified sensitivity; not a replacement for primary result,strict-prior psychiatric exposure cause-specific Cox | 3_no_primary_psych_delirium,,,
,,,S5,,,,365-day same-system ICU readmission,strict-prior psychiatric exposure Model 2 cause-specific Cox,conservative readmission cohort,strict-prior psychiatric comorbidity + 72h delirium,Model 2 main severity,none,4_primary_psych_delirium vs 1_no_primary_psych_no_delirium,HR,1.029013313003965,0.8663289859860679,1.222247455029081,prespecified sensitivity; not a replacement for primary result,strict-prior psychiatric exposure cause-specific Cox | 4_primary_psych_delirium,,,
,,,S5,,,,365-day same-system ICU readmission,48h delirium definition Model 2 cause-specific Cox,48h classifiable conservative readmission cohort,documented-by-index psychiatric comorbidity + 48h delirium,Model 2 main severity,none,2_primary_psych_no_delirium vs 1_no_primary_psych_no_delirium,HR,1.0082262917314588,0.9164733520676386,1.10916509797608,prespecified sensitivity; not a replacement for primary result,48h delirium definition cause-specific Cox | 2_primary_psych_no_delirium,,,
,,,S5,,,,365-day same-system ICU readmission,48h delirium definition Model 2 cause-specific Cox,48h classifiable conservative readmission cohort,documented-by-index psychiatric comorbidity + 48h delirium,Model 2 main severity,none,3_no_primary_psych_delirium vs 1_no_primary_psych_no_delirium,HR,1.230923187500918,1.1137581619964412,1.3604137282472837,prespecified sensitivity; not a replacement for primary result,48h delirium definition cause-specific Cox | 3_no_primary_psych_delirium,,,
,,,S5,,,,365-day same-system ICU readmission,48h delirium definition Model 2 cause-specific Cox,48h classifiable conservative readmission cohort,documented-by-index psychiatric comorbidity + 48h delirium,Model 2 main severity,none,4_primary_psych_delirium vs 1_no_primary_psych_no_delirium,HR,0.9919728750185142,0.8725416051200462,1.1277515925869397,prespecified sensitivity; not a replacement for primary result,48h delirium definition cause-specific Cox | 4_primary_psych_delirium,,,
,,,S5,,,,365-day same-system ICU readmission,full classifiable sensitivity; administrative follow-up completeness not guaranteed,full 72h classifiable cohort,primary documented-by-index psychiatric comorbidity + 72h delirium,Model 2 main severity,none,2_primary_psych_no_delirium vs 1_no_primary_psych_no_delirium,HR,0.9882910569501068,0.9048917757738888,1.0793768264854011,prespecified sensitivity; not a replacement for primary result,full classifiable sensitivity; administrative follow-up completeness not guaranteed | 2_primary_psych_no_delirium,,,
,,,S5,,,,365-day same-system ICU readmission,full classifiable sensitivity; administrative follow-up completeness not guaranteed,full 72h classifiable cohort,primary documented-by-index psychiatric comorbidity + 72h delirium,Model 2 main severity,none,3_no_primary_psych_delirium vs 1_no_primary_psych_no_delirium,HR,1.203858957613639,1.0998931818744904,1.3176519444885288,prespecified sensitivity; not a replacement for primary result,full classifiable sensitivity; administrative follow-up completeness not guaranteed | 3_no_primary_psych_delirium,,,
,,,S5,,,,365-day same-system ICU readmission,full classifiable sensitivity; administrative follow-up completeness not guaranteed,full 72h classifiable cohort,primary documented-by-index psychiatric comorbidity + 72h delirium,Model 2 main severity,none,4_primary_psych_delirium vs 1_no_primary_psych_no_delirium,HR,1.064644000360378,0.9519940773798622,1.1906238436093497,prespecified sensitivity; not a replacement for primary result,full classifiable sensitivity; administrative follow-up completeness not guaranteed | 4_primary_psych_delirium,,,
,,,S5,,,,365-day same-system ICU readmission,severity alternative model,prespecified analysis population,primary documented-by-index psychiatric comorbidity + 72h delirium,A_main_nonneurologic_sofa,none,2_primary_psych_no_delirium vs 1_no_primary_psych_no_delirium,HR,0.9965074423630484,0.9064266583320344,1.0955404649199836,converged,severity alternative model | 2_primary_psych_no_delirium,,,
,,,S5,,,,365-day same-system ICU readmission,severity alternative model,prespecified analysis population,primary documented-by-index psychiatric comorbidity + 72h delirium,A_main_nonneurologic_sofa,none,3_no_primary_psych_delirium vs 1_no_primary_psych_no_delirium,HR,1.228972133789423,1.1157780206078778,1.3536496307823611,converged,severity alternative model | 3_no_primary_psych_delirium,,,
,,,S5,,,,365-day same-system ICU readmission,severity alternative model,prespecified analysis population,primary documented-by-index psychiatric comorbidity + 72h delirium,A_main_nonneurologic_sofa,none,4_primary_psych_delirium vs 1_no_primary_psych_no_delirium,HR,1.0390247142510012,0.919541815614834,1.1740329134488998,converged,severity alternative model | 4_primary_psych_delirium,,,
,,,S5,,,,365-day same-system ICU readmission,severity alternative model,prespecified analysis population,primary documented-by-index psychiatric comorbidity + 72h delirium,B_official_first_day_sofa,none,2_primary_psych_no_delirium vs 1_no_primary_psych_no_delirium,HR,0.997087479855034,0.9069449782285272,1.096189367987386,converged,severity alternative model | 2_primary_psych_no_delirium,,,
,,,S5,,,,365-day same-system ICU readmission,severity alternative model,prespecified analysis population,primary documented-by-index psychiatric comorbidity + 72h delirium,B_official_first_day_sofa,none,3_no_primary_psych_delirium vs 1_no_primary_psych_no_delirium,HR,1.2258070247997943,1.1135166398984917,1.349421111646344,converged,severity alternative model | 3_no_primary_psych_delirium,,,
,,,S5,,,,365-day same-system ICU readmission,severity alternative model,prespecified analysis population,primary documented-by-index psychiatric comorbidity + 72h delirium,B_official_first_day_sofa,none,4_primary_psych_delirium vs 1_no_primary_psych_no_delirium,HR,1.037827599811311,0.9191171166820672,1.171870382327655,converged,severity alternative model | 4_primary_psych_delirium,,,
,,,S5,,,,365-day same-system ICU readmission,severity alternative model,prespecified analysis population,primary documented-by-index psychiatric comorbidity + 72h delirium,C_official_oasis,none,2_primary_psych_no_delirium vs 1_no_primary_psych_no_delirium,HR,0.9962003031369931,0.906114745063472,1.095242130620797,converged,severity alternative model | 2_primary_psych_no_delirium,,,
,,,S5,,,,365-day same-system ICU readmission,severity alternative model,prespecified analysis population,primary documented-by-index psychiatric comorbidity + 72h delirium,C_official_oasis,none,3_no_primary_psych_delirium vs 1_no_primary_psych_no_delirium,HR,1.2281085766322388,1.1152665900330865,1.35236784592724,converged,severity alternative model | 3_no_primary_psych_delirium,,,
,,,S5,,,,365-day same-system ICU readmission,severity alternative model,prespecified analysis population,primary documented-by-index psychiatric comorbidity + 72h delirium,C_official_oasis,none,4_primary_psych_delirium vs 1_no_primary_psych_no_delirium,HR,1.036457288080728,0.9173923986207936,1.170975159191066,converged,severity alternative model | 4_primary_psych_delirium,,,
,,,S5,,,,365-day same-system ICU readmission,severity alternative model,prespecified analysis population,primary documented-by-index psychiatric comorbidity + 72h delirium,D_organ_support,none,2_primary_psych_no_delirium vs 1_no_primary_psych_no_delirium,HR,0.9935536615973636,0.903721320226366,1.0923155804560032,converged,severity alternative model | 2_primary_psych_no_delirium,,,
,,,S5,,,,365-day same-system ICU readmission,severity alternative model,prespecified analysis population,primary documented-by-index psychiatric comorbidity + 72h delirium,D_organ_support,none,3_no_primary_psych_delirium vs 1_no_primary_psych_no_delirium,HR,1.2421223127854304,1.1261891720542034,1.3699899432572136,converged,severity alternative model | 3_no_primary_psych_delirium,,,
,,,S5,,,,365-day same-system ICU readmission,severity alternative model,prespecified analysis population,primary documented-by-index psychiatric comorbidity + 72h delirium,D_organ_support,none,4_primary_psych_delirium vs 1_no_primary_psych_no_delirium,HR,1.0593959676012268,0.9366524674378686,1.198224373699402,converged,severity alternative model | 4_primary_psych_delirium,,,
,,,S6,,,,Mortality,,,,,,,,-0.0152128211740996,,,,Mortality interaction contrast,interaction_contrast,-0.0337402173383237,0.0025020572138269
,,,S6,,,,Mortality,,,,,,,,-0.0997228933740865,,,,Mortality RERI,RERI,-0.223792434900638,0.0160541504892314
,,,S6,,,,Readmission,,,,,,,,-0.0170674860027767,,,,Readmission interaction contrast,interaction_contrast,-0.0403068907289085,0.006573534969883
,,,S6,,,,Readmission,,,,,,,,-0.0677996449314457,,,,Readmission RERI,RERI,-0.1610452757805376,0.0263672635173365
,,,S6,,,,ICU readmission,,,,,,,,-0.0185873021928034,,,,ICU readmission interaction contrast,interaction_contrast,-0.0373192843198069,0.0007106276337806
,,,S6,,,,ICU readmission,,,,,,,,-0.1415795762800951,,,,ICU readmission RERI,RERI,-0.2870205744575848,0.0052218440071791
